A cat sitting on a chair	cc3m_fallback_000000.jpg
A dog running in the park	cc3m_fallback_000001.jpg
A beautiful sunset over the ocean	cc3m_fallback_000002.jpg
A person reading a book	cc3m_fallback_000003.jpg
A car driving on the highway	cc3m_fallback_000004.jpg
A bird flying in the sky	cc3m_fallback_000005.jpg
A flower blooming in the garden	cc3m_fallback_000006.jpg
A child playing with toys	cc3m_fallback_000007.jpg
A mountain covered with snow	cc3m_fallback_000008.jpg
A boat sailing on the lake	cc3m_fallback_000009.jpg
A cat sitting on a chair	cc3m_fallback_000010.jpg
A dog running in the park	cc3m_fallback_000011.jpg
A beautiful sunset over the ocean	cc3m_fallback_000012.jpg
A person reading a book	cc3m_fallback_000013.jpg
A car driving on the highway	cc3m_fallback_000014.jpg
A bird flying in the sky	cc3m_fallback_000015.jpg
A flower blooming in the garden	cc3m_fallback_000016.jpg
A child playing with toys	cc3m_fallback_000017.jpg
A mountain covered with snow	cc3m_fallback_000018.jpg
A boat sailing on the lake	cc3m_fallback_000019.jpg
A cat sitting on a chair	cc3m_fallback_000020.jpg
A dog running in the park	cc3m_fallback_000021.jpg
A beautiful sunset over the ocean	cc3m_fallback_000022.jpg
A person reading a book	cc3m_fallback_000023.jpg
A car driving on the highway	cc3m_fallback_000024.jpg
A bird flying in the sky	cc3m_fallback_000025.jpg
A flower blooming in the garden	cc3m_fallback_000026.jpg
A child playing with toys	cc3m_fallback_000027.jpg
A mountain covered with snow	cc3m_fallback_000028.jpg
A boat sailing on the lake	cc3m_fallback_000029.jpg
A cat sitting on a chair	cc3m_fallback_000030.jpg
A dog running in the park	cc3m_fallback_000031.jpg
A beautiful sunset over the ocean	cc3m_fallback_000032.jpg
A person reading a book	cc3m_fallback_000033.jpg
A car driving on the highway	cc3m_fallback_000034.jpg
A bird flying in the sky	cc3m_fallback_000035.jpg
A flower blooming in the garden	cc3m_fallback_000036.jpg
A child playing with toys	cc3m_fallback_000037.jpg
A mountain covered with snow	cc3m_fallback_000038.jpg
A boat sailing on the lake	cc3m_fallback_000039.jpg
A cat sitting on a chair	cc3m_fallback_000040.jpg
A dog running in the park	cc3m_fallback_000041.jpg
A beautiful sunset over the ocean	cc3m_fallback_000042.jpg
A person reading a book	cc3m_fallback_000043.jpg
A car driving on the highway	cc3m_fallback_000044.jpg
A bird flying in the sky	cc3m_fallback_000045.jpg
A flower blooming in the garden	cc3m_fallback_000046.jpg
A child playing with toys	cc3m_fallback_000047.jpg
A mountain covered with snow	cc3m_fallback_000048.jpg
A boat sailing on the lake	cc3m_fallback_000049.jpg
A cat sitting on a chair	cc3m_fallback_000050.jpg
A dog running in the park	cc3m_fallback_000051.jpg
A beautiful sunset over the ocean	cc3m_fallback_000052.jpg
A person reading a book	cc3m_fallback_000053.jpg
A car driving on the highway	cc3m_fallback_000054.jpg
A bird flying in the sky	cc3m_fallback_000055.jpg
A flower blooming in the garden	cc3m_fallback_000056.jpg
A child playing with toys	cc3m_fallback_000057.jpg
A mountain covered with snow	cc3m_fallback_000058.jpg
A boat sailing on the lake	cc3m_fallback_000059.jpg
A cat sitting on a chair	cc3m_fallback_000060.jpg
A dog running in the park	cc3m_fallback_000061.jpg
A beautiful sunset over the ocean	cc3m_fallback_000062.jpg
A person reading a book	cc3m_fallback_000063.jpg
A car driving on the highway	cc3m_fallback_000064.jpg
A bird flying in the sky	cc3m_fallback_000065.jpg
A flower blooming in the garden	cc3m_fallback_000066.jpg
A child playing with toys	cc3m_fallback_000067.jpg
A mountain covered with snow	cc3m_fallback_000068.jpg
A boat sailing on the lake	cc3m_fallback_000069.jpg
A cat sitting on a chair	cc3m_fallback_000070.jpg
A dog running in the park	cc3m_fallback_000071.jpg
A beautiful sunset over the ocean	cc3m_fallback_000072.jpg
A person reading a book	cc3m_fallback_000073.jpg
A car driving on the highway	cc3m_fallback_000074.jpg
A bird flying in the sky	cc3m_fallback_000075.jpg
A flower blooming in the garden	cc3m_fallback_000076.jpg
A child playing with toys	cc3m_fallback_000077.jpg
A mountain covered with snow	cc3m_fallback_000078.jpg
A boat sailing on the lake	cc3m_fallback_000079.jpg
A cat sitting on a chair	cc3m_fallback_000080.jpg
A dog running in the park	cc3m_fallback_000081.jpg
A beautiful sunset over the ocean	cc3m_fallback_000082.jpg
A person reading a book	cc3m_fallback_000083.jpg
A car driving on the highway	cc3m_fallback_000084.jpg
A bird flying in the sky	cc3m_fallback_000085.jpg
A flower blooming in the garden	cc3m_fallback_000086.jpg
A child playing with toys	cc3m_fallback_000087.jpg
A mountain covered with snow	cc3m_fallback_000088.jpg
A boat sailing on the lake	cc3m_fallback_000089.jpg
A cat sitting on a chair	cc3m_fallback_000090.jpg
A dog running in the park	cc3m_fallback_000091.jpg
A beautiful sunset over the ocean	cc3m_fallback_000092.jpg
A person reading a book	cc3m_fallback_000093.jpg
A car driving on the highway	cc3m_fallback_000094.jpg
A bird flying in the sky	cc3m_fallback_000095.jpg
A flower blooming in the garden	cc3m_fallback_000096.jpg
A child playing with toys	cc3m_fallback_000097.jpg
A mountain covered with snow	cc3m_fallback_000098.jpg
A boat sailing on the lake	cc3m_fallback_000099.jpg